AppID,Name,Average Playtime (hrs),Median Playtime (hrs),User Score (%),Peak Players
570,Dota 2,717.52,13.85,81.62,648285
730,Counter-Strike: Global Offensive,526.78,96.58,86.9,1169663
578080,PUBG: BATTLEGROUNDS,418.55,105.18,59.06,357658
1623730,Palworld,52.75,30.88,94.16,154142
1172470,Apex Legends,159.55,12.0,67.52,76049
1063730,New World: Aeternum,153.67,66.67,68.68,13783
2358720,Black Myth: Wukong,51.85,46.32,96.67,30405
1938090,Call of Duty: Modern Warfare II,75.42,8.52,58.82,89441
271590,Grand Theft Auto V,248.27,97.2,87.15,183632
550,Left 4 Dead 2,39.07,8.22,97.54,28433
553850,HELLDIVERS 2,55.82,31.82,74.98,66004
1599340,Lost Ark,88.25,10.08,71.18,35138
304930,Unturned,118.17,5.32,91.47,16400
236390,War Thunder,140.2,6.85,63.31,93558
1245620,ELDEN RING,124.8,98.2,92.78,69603
105600,Terraria,115.35,27.17,97.51,37526
440,Team Fortress 2,218.63,6.27,89.09,51069
291550,Brawlhalla,73.03,3.0,81.89,12369
1086940,Baldur's Gate 3,114.43,71.22,96.81,102732
431960,Wallpaper Engine,94.68,16.08,98.04,91688
4000,Garry's Mod,184.75,25.35,96.78,33749
359550,Tom Clancy's Rainbow Six Siege,298.25,58.18,84.44,65560
1085660,Destiny 2,211.9,6.43,79.92,18393
252490,Rust,363.35,62.87,87.25,206062
346110,ARK: Survival Evolved,154.55,17.48,83.63,37733
892970,Valheim,70.6,23.02,94.44,42105
1091500,Cyberpunk 2077,78.95,51.65,83.5,65449
218620,PAYDAY 2,134.93,10.58,89.59,28264
238960,Path of Exile,230.37,7.65,89.54,10159
242760,The Forest,23.43,12.33,95.52,50547
322330,Don't Starve Together,51.9,9.17,95.56,33321
1203220,NARAKA: BLADEPOINT,118.12,5.62,70.18,66989
899770,Last Epoch,83.55,49.07,77.15,2790
413150,Stardew Valley,63.53,24.65,98.42,91114
381210,Dead by Daylight,191.68,25.72,80.48,39712
945360,Among Us,22.23,11.68,91.83,7021
1097150,Fall Guys: Ultimate Knockout,22.0,10.98,81.29,1083
292030,The Witcher 3: Wild Hunt,59.62,18.82,96.1,40928
227300,Euro Truck Simulator 2,84.42,24.3,97.37,61887
444090,Paladins,88.58,8.85,84.96,2636
552990,World of Warships,91.12,4.6,77.4,8395
438100,VRChat,86.1,2.2,75.42,40220
320,Half-Life 2: Deathmatch,4.23,0.73,90.71,335
739630,Phasmophobia,32.9,14.95,95.86,30378
990080,Hogwarts Legacy,35.55,25.4,90.61,39066
620,Portal 2,15.5,8.23,98.7,3921
70,Half-Life,9.87,2.43,96.56,1739
252950,Rocket League,301.92,44.22,87.55,23190
1966720,Lethal Company,20.33,10.77,97.31,17912
1517290,Battlefield 2042,37.87,16.67,46.18,11178
1240440,Halo Infinite,14.98,2.82,70.03,4532
582010,Monster Hunter: World,132.12,40.5,87.8,28568
240,Counter-Strike: Source,143.65,5.73,96.29,16252
108600,Project Zomboid,90.28,16.07,94.17,53396
386360,SMITE,152.3,3.85,78.82,4868
10,Counter-Strike,170.45,2.37,97.44,18858
648800,Raft,29.2,15.47,93.41,16359
1468810,鬼谷八荒 Tale of Immortal,68.0,36.65,53.0,12275
444200,World of Tanks Blitz,194.5,2.13,79.34,15411
1174180,Red Dead Redemption 2,82.58,38.53,91.89,48857
250900,The Binding of Isaac: Rebirth,218.82,72.18,97.41,38959
550650,Black Squad,98.93,1.62,75.69,464
367520,Hollow Knight,34.07,12.78,97.08,9991
301520,Robocraft,85.85,3.45,73.01,158
239140,Dying Light,31.35,17.97,95.21,8337
477160,Human Fall Flat,14.22,6.88,94.72,2546
251570,7 Days to Die,95.1,24.02,88.59,38184
814380,Sekiro: Shadows Die Twice - GOTY Edition,39.23,27.7,95.29,6658
1222670,The Sims 4,26.33,3.32,87.43,43310
433850,Z1 Battle Royale,58.78,2.27,55.71,969
594650,Hunt: Showdown 1896,113.77,11.57,73.27,22101
220,Half-Life 2,13.13,6.15,97.6,6580
230410,Warframe,184.5,7.38,87.02,65796
219990,Grim Dawn,58.47,19.98,93.75,9704
261550,Mount & Blade II: Bannerlord,148.0,85.48,87.92,32186
8930,Sid Meier's Civilization V,122.47,38.03,95.93,20792
304050,Trove,120.33,3.37,80.22,850
107410,Arma 3,226.82,16.32,90.42,15372
377160,Fallout 4,116.28,36.0,82.92,19801
532210,Life is Strange 2,8.22,3.4,85.98,404
255710,Cities: Skylines,57.82,16.32,93.29,14130
1326470,Sons Of The Forest,27.75,15.58,87.39,36263
289070,Sid Meier’s Civilization VI,91.82,22.17,86.72,67196
526870,Satisfactory,86.27,34.92,97.11,34799
1238810,Battlefield V,26.98,10.18,70.84,10180
221100,DayZ,222.37,37.55,76.26,66619
1089350,NBA 2K20,126.42,47.65,49.91,254
204360,Castle Crashers,10.5,4.07,96.14,1273
632360,Risk of Rain 2,55.12,22.08,93.41,7725
275850,No Man's Sky,43.25,14.47,82.53,14446
1811260,EA SPORTS FIFA 23,184.45,107.72,56.85,2386
322170,Geometry Dash,51.97,7.12,93.5,19231
1046930,Dota Underlords,49.35,5.7,82.26,1385
49520,Borderlands 2,53.6,16.12,93.92,4573
224260,No More Room in Hell,11.0,2.15,89.92,592
489520,Minion Masters,50.73,1.9,89.48,403
80,Counter-Strike: Condition Zero,5.95,0.52,91.3,653
394360,Hearts of Iron IV,273.82,47.85,91.05,54541
466240,Deceit,7.43,1.62,79.24,309
489830,The Elder Scrolls V: Skyrim Special Edition,86.13,26.9,91.69,38966
300,Day of Defeat: Source,22.43,2.87,91.65,510
374320,DARK SOULS III,86.5,49.07,94.29,7156
284160,BeamNG.drive,97.62,10.28,97.42,24735
700330,SCP: Secret Laboratory,18.87,1.3,91.56,7688
311210,Call of Duty: Black Ops III,68.93,25.15,84.02,3618
1172620,Sea of Thieves: 2024 Edition,54.28,20.67,89.41,12160
1407200,World of Tanks,11.73,1.48,84.39,7910
2050650,Resident Evil 4,40.15,27.85,97.65,9264
976730,Halo: The Master Chief Collection,29.5,10.43,92.43,4330
203160,Tomb Raider,12.38,7.32,96.1,1663
72850,The Elder Scrolls V: Skyrim,119.18,46.57,94.85,3064
10180,Call of Duty: Modern Warfare 2 (2009),16.18,5.65,93.11,615
883710,Resident Evil 2,19.83,13.42,96.98,2195
588430,Fallout Shelter,99.32,3.53,88.49,1751
218230,PlanetSide 2,21.08,1.98,81.07,1008
333930,Dirty Bomb,89.38,1.4,81.3,76
22380,Fallout: New Vegas,50.15,13.98,96.1,4266
1426210,It Takes Two,17.62,13.82,95.06,17503
2881650,Content Warning,5.03,3.42,95.02,4248
1446780,MONSTER HUNTER RISE,98.2,53.08,81.47,8004
387990,Scrap Mechanic,41.02,12.08,92.31,3354
582660,Black Desert,151.87,5.6,74.42,26734
2694490,Path of Exile 2,57.38,34.37,81.24,323299
20,Team Fortress Classic,1.25,0.32,87.04,58
518790,theHunter: Call of the Wild,27.87,8.18,88.64,9921
30,Day of Defeat,5.85,0.42,90.37,108
244210,Assetto Corsa,28.33,4.1,92.53,17545
1818750,MultiVersus,9.37,2.4,77.04,607
1794680,Vampire Survivors,32.27,16.42,98.49,6361
306130,The Elder Scrolls Online,104.12,16.15,81.6,16294
363970,Clicker Heroes,201.97,7.2,89.72,2416
225840,Sven Co-op,10.05,1.37,93.68,394
1293830,Forza Horizon 4,31.45,10.98,90.52,10216
236850,Europa Universalis IV,535.37,31.57,87.27,23096
253710,theHunter Classic,34.4,0.97,57.79,1221
12210,Grand Theft Auto IV: The Complete Edition,27.88,11.73,82.18,4381
1145360,Hades,28.08,16.65,98.28,6245
319630,Life is Strange - Episode 1,7.48,2.63,96.18,465
365590,Tom Clancy’s The Division,80.97,27.25,70.21,1152
1229490,ULTRAKILL,22.15,6.7,97.86,3044
365670,Blender,66.82,2.52,96.43,10050
813820,Realm Royale,11.9,1.93,76.05,279
2183900,"Warhammer 40,000: Space Marine 2",33.68,17.32,82.7,14299
238460,BattleBlock Theater,7.83,4.1,97.23,189
594570,Total War: WARHAMMER II,191.92,67.55,92.39,3631
231430,Company of Heroes 2,39.0,4.78,78.93,4515
211500,RaceRoom Racing Experience,7.38,0.7,75.11,1031
242050,Assassin’s Creed IV Black Flag,36.02,28.9,88.69,2290
427520,Factorio,181.0,37.18,96.96,39218
601150,Devil May Cry 5,17.17,8.52,95.84,1330
12120,Grand Theft Auto: San Andreas,27.7,4.48,92.05,677
1286830,STAR WARS: The Old Republic,84.7,5.68,89.65,6013
268500,XCOM 2,111.63,28.8,84.53,5846
500,Left 4 Dead,28.92,2.72,96.32,809
8870,BioShock Infinite,13.83,10.9,93.83,651
629760,MORDHAU,50.32,12.47,80.39,1375
588650,Dead Cells,33.45,13.8,97.12,3396
646570,Slay the Spire,77.8,36.78,97.83,14754
233450,Prison Architect,36.6,10.45,89.35,1991
109600,Neverwinter,61.87,5.97,77.63,1026
380,Half-Life 2: Episode One,0.0,0.0,95.77,48
677620,Splitgate: Arena Warfare,7.62,3.28,91.57,223
1049590,Eternal Return: Black Survival,36.32,5.28,79.73,12133
1118200,People Playground,53.85,10.08,98.59,5808
268910,Cuphead,15.32,8.88,96.31,3136
397900,Business Tour - Board Game with Online Multiplayer,10.05,4.47,60.93,1225
435150,Divinity: Original Sin 2 - Definitive Edition,87.2,54.77,95.86,9885
698780,Doki Doki Literature Club!,5.03,2.45,96.47,733
1237970,Titanfall 2,11.37,5.42,95.37,2940
863550,HITMAN 2,15.23,3.52,91.02,355
273110,Counter-Strike Nexon: Studio,135.67,1.35,66.44,579
555570,Infestation: The New Z,154.47,1.33,53.73,268
1593500,God of War,27.75,19.18,96.05,6571
782330,DOOM Eternal,18.1,10.5,91.12,1912
360,Half-Life Deathmatch: Source,1.88,0.25,74.38,81
2195250,EA SPORTS FC 24,142.68,60.2,57.46,10489
391540,Undertale,15.68,5.95,96.69,1705
294100,RimWorld,211.25,77.77,97.99,30065
548430,Deep Rock Galactic,59.62,14.17,97.26,14722
223470,POSTAL 2,8.62,3.25,96.77,1381
766570,Russian Fishing 4,57.07,0.73,51.65,15416
241930,Middle-earth: Shadow of Mordor,19.2,12.3,92.38,1051
1332010,Stray,5.48,4.53,97.27,1193
1551360,Forza Horizon 5,65.53,23.88,88.52,17860
2630,Call of Duty 2,5.3,3.67,93.57,367
346900,AdVenture Capitalist,39.62,4.62,87.93,1561
534380,Dying Light 2 Stay Human: Reloaded Edition,38.5,30.33,78.53,7578
1151340,Fallout 76,94.18,12.63,72.93,11439
1100600,Football Manager 2020,292.07,111.63,89.28,1837
48700,Mount & Blade: Warband,133.2,43.67,97.74,4708
779340,Total War: THREE KINGDOMS,127.45,30.3,72.05,4935
113400,APB Reloaded,25.27,2.5,63.52,444
6060,"STAR WARS Battlefront II (Classic, 2005)",10.17,2.65,94.59,292
391220,Rise of the Tomb Raider,17.97,14.22,94.01,2201
304390,FOR HONOR,67.37,11.52,69.48,2940
206420,Saints Row IV: Re-Elected,20.28,12.63,87.98,274
466560,Northgard,15.88,7.43,86.74,4489
225540,Just Cause 3,19.18,5.9,83.78,1391
1868140,DAVE THE DIVER,22.05,13.9,97.19,6639
386180,Crossout,148.43,3.92,75.05,2982
264710,Subnautica,27.87,11.38,96.98,7331
812140,Assassin's Creed Odyssey,67.32,45.37,89.03,10920
223750,DCS World Steam Edition,12.37,0.68,85.12,1555
262060,Darkest Dungeon,43.17,11.32,91.68,4362
211820,Starbound,59.25,23.03,92.35,1781
960090,Bloons TD 6,62.15,19.97,97.31,12064
200210,Realm of the Mad God Exalt,55.58,1.67,83.23,1206
424840,Little Nightmares,3.52,1.73,94.8,689
380600,Fishing Planet,11.75,1.33,86.71,4827
1225330,NBA 2K21,91.42,53.2,41.57,129
240720,Getting Over It with Bennett Foddy,5.25,2.48,82.38,422
8190,Just Cause 2,11.07,2.65,90.74,104
1144200,Ready or Not,26.52,13.65,88.68,13629
39210,FINAL FANTASY XIV Online,747.2,78.0,88.11,20575
1677740,Stumble Guys,9.85,1.68,85.1,6905
1238840,Battlefield 1,23.82,8.15,86.36,9539
397540,Borderlands 3,45.73,26.7,85.12,7807
1250,Killing Floor,31.58,4.67,94.93,414
238320,Outlast,4.23,2.4,96.45,606
508440,Totally Accurate Battle Simulator,14.92,5.7,97.83,1898
222880,Insurgency,16.7,4.43,91.81,376
1716740,Starfield,66.97,38.6,56.95,7154
221380,Age of Empires II (Retired),34.8,9.12,95.77,4585
761890,Albion Online,123.13,3.07,79.14,11059
1604030,V Rising,38.33,21.17,88.88,7377
513710,SCUM,108.53,14.12,74.52,20205
744900,Dead Frontier 2,11.4,1.02,70.61,993
244850,Space Engineers,97.0,15.22,88.51,8995
20920,The Witcher 2: Assassins of Kings Enhanced Edition,14.78,4.5,89.55,1542
286160,Tabletop Simulator,39.92,8.5,94.36,6934
212680,FTL: Faster Than Light,28.45,8.52,95.49,1504
281990,Stellaris,181.7,34.73,87.96,24008
1222680,Need for Speed Heat,16.4,6.47,83.76,8832
504370,Battlerite,13.23,3.72,84.57,109
1366540,Dyson Sphere Program,62.8,21.5,97.68,4189
220240,Far Cry 3,19.78,12.78,89.54,1365
379720,DOOM,14.37,9.17,95.46,1183
1817070,Marvel’s Spider-Man Remastered,23.17,16.07,95.9,5504
323190,Frostpunk,20.1,8.58,92.44,3153
234140,Mad Max,25.42,18.67,92.18,2815
33930,Arma 2: Operation Arrowhead,77.62,7.28,92.44,318
1721470,Poppy Playtime,4.42,1.13,83.61,846
202970,Call of Duty: Black Ops II,5.68,2.2,86.27,289
1506830,FIFA 22,173.45,64.87,80.49,2022
871720,Ultimate Custom Night,5.27,1.05,95.12,206
212500,The Lord of the Rings Online,32.35,2.8,81.62,1645
1180380,Stay Out,15.53,0.78,63.63,2487
304430,INSIDE,8.52,4.0,96.9,276
311690,Enter the Gungeon,33.78,8.02,95.67,1293
620980,Beat Saber,42.07,10.2,95.63,880
671860,BattleBit Remastered,25.85,9.63,86.95,1862
674940,Stick Fight: The Game,6.95,3.1,93.58,561
205100,Dishonored,16.95,10.37,97.65,731
1145350,Hades II,22.67,15.47,94.96,3897
1196590,Resident Evil Village,19.17,16.08,95.63,1694
3590,Plants vs. Zombies GOTY Edition,26.88,11.32,97.59,2525
552520,Far Cry 5,30.82,22.63,80.86,5960
457140,Oxygen Not Included,67.55,11.03,96.76,12098
504230,Celeste,15.32,4.63,97.47,2321
546560,Half-Life: Alyx,12.23,6.15,98.29,1175
813780,Age of Empires II: Definitive Edition,69.93,17.1,94.9,27216
63380,Sniper Elite V2,6.78,4.22,88.31,83
8500,EVE Online,143.73,1.98,73.87,4429
613100,House Flipper,23.25,10.33,94.13,6479
7670,BioShock,6.23,2.33,94.22,115
962130,Grounded,31.85,11.67,89.17,7201
601510,Yu-Gi-Oh! Duel Links,108.97,3.6,83.55,2755
261640,Borderlands: The Pre-Sequel,29.18,7.57,81.51,783
270880,American Truck Simulator,75.73,14.7,96.82,9963
884660,CRSED: F.O.A.D.,10.9,1.05,78.95,234
48000,LIMBO,4.07,2.3,92.69,169
208650,Batman: Arkham Knight,22.22,9.07,88.24,3392
55150,"Warhammer 40,000: Space Marine - Anniversary Edition",11.65,5.75,91.75,288
203770,Crusader Kings II,42.95,3.78,90.18,2208
274190,Broforce,14.52,8.0,96.98,360
389730,TEKKEN 7,77.5,13.78,83.0,602
440900,Conan Exiles,105.95,27.33,78.63,9694
376210,The Isle,63.03,19.25,81.23,9059
10090,Call of Duty: World at War,35.85,16.52,92.18,474
220200,Kerbal Space Program,67.88,16.25,95.13,2910
20900,The Witcher: Enhanced Edition Director's Cut,17.95,3.27,88.91,2037
1260320,Party Animals,18.18,4.43,77.45,3217
265630,Fistful of Frags,6.82,1.18,91.36,82
1222140,Detroit: Become Human,13.07,11.0,95.51,4726
1259420,Days Gone,25.75,11.47,92.87,6311
516750,My Summer Car,46.07,17.73,94.59,4437
356190,Middle-earth: Shadow of War,34.53,19.0,88.55,3461
418460,Rising Storm 2: Vietnam,62.6,12.03,86.7,678
552500,Warhammer: Vermintide 2,28.15,7.63,84.93,5378
214950,Total War: ROME II - Emperor Edition,102.08,29.82,83.15,8368
9480,Saints Row 2,18.55,2.8,75.35,111
728880,Overcooked! 2,11.23,5.72,90.68,3574
245170,Skullgirls 2nd Encore,11.58,4.63,72.43,186
339610,Freestyle 2: Street Basketball,63.07,1.93,72.53,155
219150,Hotline Miami,5.83,4.33,97.19,364
1057090,Ori and the Will of the Wisps,14.38,13.4,96.6,974
35450,Red Orchestra 2: Heroes of Stalingrad with Rising Storm,37.67,6.55,92.37,244
298110,Far Cry 4,22.58,17.25,84.13,1786
424370,Wolcen: Lords of Mayhem,43.83,23.92,55.94,94
881020,Granblue Fantasy: Relink,42.95,33.5,89.93,3199
1056960,Wolfenstein: Youngblood,9.4,6.5,44.3,155
232090,Killing Floor 2,90.27,7.83,87.71,5503
207610,The Walking Dead,11.5,10.28,97.26,390
918570,Century: Age of Ashes,5.67,1.15,74.63,106
335240,Transformice,9.62,0.63,88.06,1303
99900,Spiral Knights,32.73,1.33,84.0,120
359320,Elite Dangerous,132.72,23.75,77.24,9406
1142710,Total War: WARHAMMER III,219.33,73.93,71.4,39472
361420,ASTRONEER,35.42,17.37,92.17,3617
50,Half-Life: Opposing Force,6.67,4.07,95.27,201
223710,Cry of Fear,2.8,0.82,88.65,738
409710,BioShock Remastered,7.3,4.43,81.75,836
50130,Mafia II (Classic),20.75,12.38,94.59,707
307780,Mortal Kombat X,16.77,8.25,85.18,561
1289310,Helltaker,2.05,1.3,97.77,171
1203620,Enshrouded,31.68,19.85,86.87,20537
285900,Gang Beasts,6.57,3.12,84.78,614
582160,Assassin's Creed Origins,38.2,22.57,85.72,6153
880940,Pummel Party,13.85,8.23,88.85,3127
4560,Company of Heroes - Legacy Edition,8.23,1.47,93.62,123
447040,Watch_Dogs 2,25.03,12.97,82.79,1128
1454400,Cookie Clicker,181.32,34.67,96.73,13572
17410,Mirror's Edge,5.35,3.63,87.61,94
362890,Black Mesa,15.0,8.5,95.27,1602
379430,Kingdom Come: Deliverance,41.63,13.83,83.55,14649
976310,Mortal Kombat 11,27.05,8.27,88.17,2211
460930,Tom Clancy's Ghost Recon Wildlands,39.58,27.47,79.78,3085
247080,Crypt of the NecroDancer,12.67,3.78,95.86,139
287700,METAL GEAR SOLID V: THE PHANTOM PAIN,52.3,26.22,91.63,2468
678950,DRAGON BALL FighterZ,45.08,6.6,90.39,593
391720,Layers of Fear (2016),4.17,3.92,88.62,61
33230,Assassin's Creed 2,21.52,16.78,89.25,825
274170,Hotline Miami 2: Wrong Number,15.47,7.03,94.04,552
335300,DARK SOULS II: Scholar of the First Sin,53.6,41.02,84.2,2546
113200,The Binding of Isaac,24.67,6.07,95.01,337
262410,World of Guns: Gun Disassembly,6.85,0.7,84.11,173
1361210,"Warhammer 40,000: Darktide",68.75,25.35,70.03,9015
418370,Resident Evil 7 Biohazard,14.53,9.2,95.19,1157
1942280,Brotato,38.0,12.72,96.79,11862
291480,Warface,21.92,1.47,66.44,633
213670,South Park: The Stick of Truth,16.52,13.6,97.55,3130
838350,太吾绘卷 The Scroll Of Taiwu,64.18,15.6,69.66,951
203140,Hitman: Absolution,12.82,9.62,92.83,1025
282070,This War of Mine,14.38,6.22,92.89,1258
767560,War Robots,38.52,0.75,60.67,2196
585690,Minimalism,5.33,6.3,73.29,105
1158310,Crusader Kings III,134.08,30.92,91.4,27059
265930,Goat Simulator,6.82,2.93,90.75,154
438740,Friday the 13th: The Game,17.95,3.98,79.98,42
1943950,Escape the Backrooms,9.43,5.92,90.99,3899
214490,Alien: Isolation,10.92,3.6,93.19,444
204880,Sins of a Solar Empire: Rebellion,12.3,6.87,93.21,413
617290,Remnant: From the Ashes,24.65,17.45,84.74,649
289650,Assassin's Creed Unity,19.12,12.53,78.19,2201
436150,Governor of Poker 3,10.77,1.75,69.51,14622
269210,Hero Siege,25.0,4.97,69.25,2182
34330,Total War: SHOGUN 2,41.48,8.45,90.65,3210
312660,Sniper Elite 4,16.8,6.53,91.11,1828
412020,Metro Exodus,18.7,5.72,89.66,4408
1371980,No Rest for the Wicked,12.48,6.35,76.99,192
372000,Tree of Savior (English Ver.),453.0,8.07,64.34,133
282440,Quake Live,3.5,0.88,86.41,352
686810,Hell Let Loose,29.07,8.38,82.28,15442
1056640,Phantasy Star Online 2,31.05,4.93,70.32,1371
65800,Dungeon Defenders,41.73,13.98,93.17,641
387290,Ori and the Blind Forest: Definitive Edition,12.67,9.85,95.35,541
646910,The Crew 2,34.92,4.6,77.36,2324
331470,Everlasting Summer,32.52,5.45,94.89,610
233860,Kenshi,73.47,22.93,95.45,5264
400,Portal,5.88,2.78,98.46,973
239030,"Papers, Please",6.12,3.92,97.27,670
364360,Total War: WARHAMMER,58.13,26.07,77.91,1417
992300,嗜血印 Bloody Spell,10.47,5.27,89.17,69
235460,METAL GEAR RISING: REVENGEANCE,13.52,8.43,96.06,488
2670630,Supermarket Simulator,16.83,11.22,93.83,8640
219740,Don't Starve,24.75,5.43,96.68,1532
967050,Pacify,3.15,2.08,86.72,177
367500,Dragon's Dogma: Dark Arisen,29.6,6.73,88.57,669
1363080,Manor Lords,13.5,8.38,87.02,10669
286690,Metro 2033 Redux,8.32,6.08,90.47,1563
1366800,Crosshair X,321.25,97.8,93.14,70716
2567870,Chained Together,4.3,3.42,91.12,3172
246620,Plague Inc: Evolved,11.52,4.5,94.48,739
55230,Saints Row: The Third,26.93,14.72,95.73,301
703080,Planet Zoo,30.2,5.78,91.05,7281
648350,Jurassic World Evolution,24.32,12.55,87.15,548
287390,Metro: Last Light Redux,12.2,9.1,90.41,1373
581320,Insurgency: Sandstorm,39.33,14.0,84.97,2610
1172380,STAR WARS Jedi: Fallen Order,15.72,11.55,88.6,2633
47870,Need For Speed: Hot Pursuit,10.38,5.4,82.52,62
11020,TrackMania Nations Forever,5.37,0.82,89.93,291
305620,The Long Dark,52.48,6.33,90.81,7492
3097560,Liar's Bar,3.75,2.52,92.75,4554
1274570,DEVOUR,5.72,3.2,91.08,1070
221040,Resident Evil 6,15.0,7.25,78.68,917
427730,Who's Your Daddy?!,3.23,1.97,79.85,264
105450,Age of Empires III (2007),25.17,7.58,90.9,615
24200,DC Universe Online,38.75,10.53,80.63,431
248570,Toribash,8.3,0.95,88.52,62
203290,America's Army: Proving Grounds,38.13,1.42,78.89,148
641990,The Escapists 2,9.38,3.28,90.69,729
238090,Sniper Elite 3,8.68,5.65,82.28,399
207140,SpeedRunners,10.98,4.43,93.94,178
201790,Orcs Must Die! 2,7.45,3.6,93.03,120
524220,NieR:Automata,29.77,16.33,86.88,1755
209000,Batman: Arkham Origins,17.95,10.88,89.3,2654
848450,Subnautica: Below Zero,29.32,22.92,90.77,2054
12200,Bully: Scholarship Edition,9.87,3.65,84.7,369
644930,They Are Billions,71.15,22.88,85.21,2853
434650,Lost Castle / 失落城堡,15.58,8.78,87.02,151
1254120,Bless Unleashed,32.63,2.13,52.56,367
17390,SPORE,15.25,6.88,92.39,1464
1092790,Inscryption,14.83,11.88,96.91,2032
881100,Noita,30.3,7.55,95.26,3151
644560,Mirror,6.75,4.77,96.92,129
1304930,The Outlast Trials,19.38,6.62,93.6,3814
1250410,Microsoft Flight Simulator 40th Anniversary Edition,173.87,61.22,78.98,8671
420,Half-Life 2: Episode Two,0.0,0.0,97.05,78
261570,Ori and the Blind Forest,12.02,6.03,94.56,173
2379780,Balatro,31.98,20.83,98.23,36739
19680,Alice: Madness Returns,6.12,3.75,90.07,536
431240,Golf With Your Friends,11.38,6.18,88.21,1104
1569040,Football Manager 2022,280.03,267.9,92.54,3013
787860,Farming Simulator 19,118.62,35.22,94.37,3099
1167630,Teardown,14.03,6.72,95.56,4051
1217060,Gunfire Reborn,41.87,22.28,93.51,1849
42700,Call of Duty: Black Ops,26.78,10.87,90.76,558
201810,Wolfenstein: The New Order,12.68,11.25,91.43,701
211420,DARK SOULS: Prepare To Die Edition,54.32,14.85,91.47,216
1520470,封灵档案,1.47,0.42,82.31,549
433340,Slime Rancher,15.37,8.77,97.94,2386
841370,NBA 2K19,182.45,90.9,39.06,130
740130,Tales of Arise,30.5,24.45,87.61,647
1263850,Football Manager 2021,406.13,429.82,93.48,1831
414340,Hellblade: Senua's Sacrifice,5.6,3.33,90.2,167
1248130,Farming Simulator 22,279.52,45.75,92.29,19551
674020,World War 3,10.53,1.28,54.19,175
310950,Street Fighter V,47.08,9.43,67.45,215
1466860,Age of Empires IV: Anniversary Edition,62.98,13.12,85.99,13342
1222700,A Way Out,5.2,5.58,87.58,2779
310560,DiRT Rally,6.92,2.47,87.93,179
570940,DARK SOULS: REMASTERED,47.02,34.6,91.91,4066
774171,Muse Dash,10.75,3.7,89.82,836
12110,Grand Theft Auto: Vice City,13.65,2.32,92.73,185
1888160,ARMORED CORE VI FIRES OF RUBICON,21.7,16.23,91.25,3039
470220,UNO,6.47,3.68,72.39,422
200260,Batman: Arkham City - Game of the Year Edition,17.57,7.12,96.08,1462
319510,Five Nights at Freddy's,4.35,1.57,93.38,186
242920,Banished,26.47,8.2,90.36,856
388410,Darksiders II Deathinitive Edition,15.17,7.97,78.34,270
1313140,Cult of the Lamb,16.37,10.82,95.51,4533
325610,Total War: ATTILA,102.78,50.0,82.03,3017
236110,Dungeon Defenders II,13.02,2.08,77.52,498
346010,Besiege,10.87,4.15,95.5,371
254700,Resident Evil 4 (2005),18.67,6.08,93.14,1028
40800,Super Meat Boy,7.0,2.6,94.6,128
212070,Star Conflict,6.0,2.43,73.49,189
35700,Trine Enchanted Edition,5.6,3.73,95.77,89
1030840,Mafia: Definitive Edition,11.17,9.67,87.18,1966
1408720,Krunker,7.0,0.37,79.02,79
2322010,God of War Ragnarök,30.27,28.45,84.4,11467
1904540,Football Manager 2023,264.53,136.88,89.69,7213
9900,Star Trek Online,86.97,10.68,78.96,1206
216150,MapleStory,137.13,3.07,62.64,6015
244450,Men of War: Assault Squad 2,58.75,17.28,91.26,1583
611500,Quake Champions,7.03,1.48,73.72,442
502500,ACE COMBAT 7: SKIES UNKNOWN,23.07,10.8,87.4,1220
464920,Surviving Mars,12.93,2.93,84.82,990
1643320,S.T.A.L.K.E.R. 2: Heart of Chornobyl,36.33,28.57,82.67,29639
1840,Source Filmmaker,9.23,0.95,92.95,1207
7940,Call of Duty 4: Modern Warfare (2007),24.1,9.52,93.43,591
282140,SOMA,6.17,5.13,95.92,242
22370,Fallout 3: Game of the Year Edition,22.2,7.95,80.97,782
952060,Resident Evil 3,12.47,8.63,81.34,719
1284210,Guild Wars 2,26.83,3.55,89.06,4457
632470,Disco Elysium - The Final Cut,14.55,4.68,93.21,2805
815370,Green Hell,16.97,9.02,86.47,4324
493340,Planet Coaster,21.95,4.03,91.28,3301
949230,Cities: Skylines II,71.4,29.43,52.91,11400
823130,Totally Accurate Battlegrounds,3.95,0.95,88.37,326
47780,Dead Space 2,7.12,3.97,94.07,167
204450,Call of Juarez: Gunslinger,7.82,3.03,95.05,116
394510,HELLDIVERS Dive Harder Edition,9.0,5.3,90.14,387
640820,Pathfinder: Kingmaker — Enhanced Plus Edition,87.82,30.73,77.92,1126
15620,"Warhammer 40,000: Dawn of War II - Anniversary Edition",28.9,8.97,88.53,323
1128810,RISK: Global Domination,6.57,2.2,80.39,2798
204100,Max Payne 3,30.75,7.97,86.44,410
1845910,Dragon Age: The Veilguard,23.55,12.6,71.21,9700
238010,Deus Ex: Human Revolution - Director's Cut,18.07,14.4,92.13,278
414700,Outlast 2,4.62,2.82,91.36,345
330020,Children of Morta,10.2,5.4,88.92,189
2054970,Dragon's Dogma 2,28.55,16.33,60.48,3831
1522820,Orcs Must Die! 3,8.9,6.48,85.59,707
35140,Batman: Arkham Asylum Game of the Year Edition,9.93,7.82,96.31,1091
47890,The Sims 3,58.03,12.52,86.95,2199
393380,Squad,89.17,17.0,82.73,23702
337000,Deus Ex: Mankind Divided,17.58,7.9,75.8,371
389570,Mitos.is: The Game,5.32,1.13,80.79,67
39120,RIFT,150.63,4.55,74.19,166
1029690,Sniper Elite 5,31.33,11.6,82.86,3614
482730,Football Manager 2017,388.38,439.58,59.5,705
266840,Age of Mythology: Extended Edition,32.55,15.82,93.11,1360
200710,Torchlight II,20.32,10.07,92.8,376
307690,Sleeping Dogs: Definitive Edition,12.53,5.98,93.51,988
645630,Car Mechanic Simulator 2018,56.0,11.3,91.26,542
1790600,DRAGON BALL: Sparking! ZERO,25.78,20.78,90.51,3169
1151640,Horizon Zero Dawn Complete Edition,26.13,11.98,87.89,2418
1272080,PAYDAY 3,21.63,11.5,42.57,1106
383870,Firewatch,3.92,3.7,90.28,1331
204340,Serious Sam 2,4.73,2.77,89.64,140
454650,DRAGON BALL XENOVERSE 2,41.4,14.62,90.35,923
38400,Fallout: A Post Nuclear Role Playing Game,7.17,1.05,94.11,215
460950,Katana ZERO,7.43,5.73,98.03,182
41700,S.T.A.L.K.E.R.: Call of Pripyat,15.38,4.7,95.54,773
1637320,Dome Keeper,17.32,2.2,91.95,1045
368260,Marvel's Midnight Suns,35.2,18.78,81.43,1263
368230,Kingdom: Classic,3.77,2.9,90.56,75
606150,Moonlighter,9.28,5.83,82.45,236
342200,MechWarrior Online Solaris 7,6.82,1.08,80.03,510
3830,Psychonauts,8.45,3.83,95.13,122
975370,Dwarf Fortress,28.55,7.93,95.1,1319
738060,Freddy Fazbear's Pizzeria Simulator,2.52,1.18,94.05,113
1277400,Monster Hunter Stories 2: Wings of Ruin,31.15,21.53,82.4,231
637650,FINAL FANTASY XV WINDOWS EDITION,40.5,20.15,83.06,1056
629520,Soundpad,296.98,56.95,96.14,20195
40990,Mafia,6.67,0.83,87.52,196
403640,Dishonored 2,16.65,10.1,89.36,1210
1364780,Street Fighter 6,111.87,17.22,85.77,12292
312530,Duck Game,14.53,5.5,96.6,175
485510,Nioh: Complete Edition,32.48,10.3,79.98,406
736590,Operation: Harsh Doorstop,2.02,0.65,77.69,601
17470,Dead Space (2008),7.82,2.75,91.71,94
544810,KARDS - The WWII Card Game,49.27,1.75,76.74,1274
788100,Neon Abyss,22.02,12.5,86.58,187
409720,BioShock 2 Remastered,8.27,5.27,70.29,294
200510,XCOM: Enemy Unknown,39.93,19.37,93.79,552
480490,Prey,19.3,7.83,90.89,686
1139900,Ghostrunner,9.1,4.95,91.41,197
1824220,Chivalry 2,31.13,8.33,80.19,2678
349040,NARUTO SHIPPUDEN: Ultimate Ninja STORM 4,15.43,8.82,90.93,830
287290,Resident Evil Revelations 2,7.4,3.17,77.93,265
750920,Shadow of the Tomb Raider: Definitive Edition,16.8,12.67,83.97,1697
13520,Far Cry,3.98,1.57,81.98,150
563560,Alien Swarm: Reactive Drop,3.02,1.22,94.95,238
680420,OUTRIDERS,47.8,37.88,66.43,341
2479810,Gray Zone Warfare,51.77,19.15,66.33,3555
2186680,"Warhammer 40,000: Rogue Trader",49.15,18.12,84.04,9830
2310,Quake,5.05,0.95,96.61,127
858820,Tribes of Midgard,11.8,8.87,76.66,299
8980,Borderlands Game of the Year,30.3,11.82,90.73,364
633230,NARUTO TO BORUTO: SHINOBI STRIKER,17.58,10.17,84.28,266
24960,Battlefield: Bad Company 2,41.65,6.55,85.29,62
1343400,RuneScape ,123.4,1.4,83.74,3535
783770,Ironsight,10.85,0.82,72.34,282
206440,To the Moon,5.43,3.2,96.29,74
212160,Vindictus,15.68,2.27,67.6,216
368500,Assassin's Creed Syndicate,22.37,14.38,80.2,783
389430,Knight Online,1708.38,0.65,50.31,1656
453480,Shadowverse CCG,537.07,6.58,73.73,734
238370,Magicka 2,5.77,4.15,82.7,132
21690,Resident Evil 5,17.4,10.68,86.92,961
365450,Hacknet,4.6,4.57,93.6,57
2835570,Buckshot Roulette,2.92,2.05,96.35,3119
268050,The Evil Within,15.5,6.48,85.21,250
57690,Tropico 4,9.3,3.57,91.68,168
872790,Football Manager 2019,244.95,153.55,86.69,998
977950,A Dance of Fire and Ice,11.53,4.95,93.99,815
289130,ENDLESS Legend,37.98,9.53,83.71,331
22330,The Elder Scrolls IV: Oblivion Game of the Year Edition,40.05,11.43,95.47,1578
10500,Total War: EMPIRE – Definitive Edition,59.87,25.17,90.78,4017
678960,CODE VEIN,20.17,11.2,84.67,553
6860,Hitman: Blood Money,6.1,2.07,94.06,236
2399830,ARK: Survival Ascended,87.23,30.6,59.03,37064
412220,DDraceNetwork,0.0,0.0,90.56,6655
302510,Ryse: Son of Rome,6.28,4.32,86.63,203
1536610,OpenTTD,0.0,0.0,96.16,862
1404210,Red Dead Online,34.18,13.38,83.15,1698
602960,Barotrauma,45.27,11.53,93.82,4394
606280,Darksiders III,18.83,17.85,76.41,137
488790,South Park: The Fractured But Whole,17.78,13.57,84.41,1274
311560,Assassin’s Creed Rogue,18.55,14.8,85.36,373
291650,Pillars of Eternity,35.6,11.78,88.2,677
130,Half-Life: Blue Shift,3.97,2.58,92.39,101
683320,GRIS,3.4,3.25,96.46,263
2215430,Ghost of Tsushima DIRECTOR'S CUT,33.25,25.83,93.45,9760
476600,Call of Duty: WWII,9.65,6.37,68.97,456
236870,HITMAN,11.67,6.65,83.25,114
239820,Game Dev Tycoon,12.0,7.33,95.37,233
386940,Ultimate Chicken Horse,7.92,4.25,95.89,801
493520,GTFO,16.17,7.18,84.32,993
1509960,PICO PARK,2.85,2.48,90.77,522
1549970,Aliens: Fireteam Elite,10.97,8.38,79.84,376
2280,DOOM + DOOM II,3.83,1.28,96.41,335
442080,Riders of Icarus,24.58,3.78,66.0,73
1659040,HITMAN World of Assassination,16.43,6.4,86.58,7363
1611910,"Warhammer 40,000: Chaos Gate - Daemonhunters",12.82,5.67,77.62,704
612880,Wolfenstein II: The New Colossus,11.48,8.83,80.82,764
1466640,Road 96 ,7.85,4.55,91.71,255
228280,Baldur's Gate: Enhanced Edition,41.88,13.02,92.17,856
239160,Thief,10.22,4.4,74.43,179
924970,Back 4 Blood,15.63,9.42,68.0,7155
32370,STAR WARS Knights of the Old Republic,13.73,3.42,91.12,379
228380,Wreckfest,15.13,4.65,88.04,861
492720,Tropico 6,35.67,10.12,87.33,1517
110800,L.A. Noire,13.15,6.35,85.74,358
569480,Kingdoms and Castles,15.65,9.43,93.3,468
638970,Yakuza 0,33.35,14.18,95.6,1487
471710,Rec Room,8.9,1.88,90.31,2192
537180,Digimon Masters Online,2.82,0.8,67.25,231
1213210,Command & Conquer Remastered Collection,19.95,6.32,90.66,1583
627690,Idle Champions of the Forgotten Realms,51.45,3.02,77.69,3336
1687950,Persona 5 Royal,67.68,57.63,96.67,9658
1557740,ROUNDS,9.6,3.77,95.08,993
621060,PC Building Simulator,14.7,5.32,93.71,320
1286680,Tiny Tina's Wonderlands,22.83,12.02,74.01,1537
242860,Verdun,10.97,6.33,86.1,108
9010,Return to Castle Wolfenstein,11.55,1.62,93.03,98
304240,Resident Evil,10.55,5.13,91.87,331
636480,Ravenfield,69.65,15.58,96.93,895
47810,Dragon Age: Origins - Ultimate Edition,40.15,15.23,86.96,1396
1533390,Gorilla Tag,7.67,0.78,91.18,1658
39500,Gothic 3,60.68,3.35,81.72,795
324800,Shadow Warrior 2,8.62,3.43,87.21,116
4500,S.T.A.L.K.E.R.: Shadow of Chernobyl,10.45,4.32,94.68,1112
582500,We Were Here,2.25,1.48,90.39,310
460790,Bayonetta,9.72,3.58,92.61,157
287450,Rise of Nations: Extended Edition,18.2,8.93,94.73,983
312520,Rain World,18.55,1.55,94.1,1352
22320,The Elder Scrolls III: Morrowind Game of the Year Edition,21.62,2.25,95.36,669
1049410,Superliminal,2.73,2.3,94.62,112
2100,Dark Messiah of Might & Magic,7.6,3.37,91.14,77
1377580,Soulworker,17.85,3.25,71.67,349
322500,SUPERHOT,3.73,2.97,91.15,146
232890,Stronghold Crusader 2,14.05,4.87,71.97,695
6000,STAR WARS Republic Commando,4.8,3.02,95.74,69
629730,Blade and Sorcery,26.02,9.68,96.76,867
1030830,Mafia II: Definitive Edition,11.32,5.93,72.21,1515
34030,Total War: NAPOLEON – Definitive Edition,62.92,13.02,91.34,1976
527230,For The King,23.03,14.38,88.29,1055
1284410,GWENT: The Witcher Card Game,22.53,1.57,82.14,880
1313860,EA SPORTS FIFA 21,192.9,188.7,76.23,272
235600,Tom Clancy’s Splinter Cell Blacklist,14.05,8.88,80.58,72
635260,CarX Drift Racing Online,49.62,12.22,95.34,2438
314160,Microsoft Flight Simulator X: Steam Edition,63.78,9.97,86.31,845
438040,Shakes and Fidget,55.82,3.73,92.6,2123
48190,Assassin’s Creed Brotherhood,18.08,15.53,88.61,612
40100,Supreme Commander 2,33.72,14.92,88.38,330
637090,BATTLETECH,67.37,23.33,83.69,1894
437920,Tricky Towers,8.1,3.78,90.43,185
285190,"Warhammer 40,000: Dawn of War III",13.92,7.0,47.99,220
24010,Train Simulator Classic 2024,18.18,5.25,70.77,1625
15100,Assassin's Creed: Director's Cut Edition,10.13,6.85,81.98,269
774861,Project Winter,9.08,5.37,82.78,85
527430,"Warhammer 40,000: Inquisitor - Martyr",41.07,6.18,75.8,558
4920,Natural Selection 2,17.45,2.08,85.3,118
34270,SEGA Mega Drive and Genesis Classics,4.18,0.6,81.85,79
690790,DiRT Rally 2.0,16.65,6.67,88.06,2007
834910,ATLAS,174.15,23.07,47.54,813
704850,Thief Simulator,8.27,2.87,88.21,725
692850,Bloodstained: Ritual of the Night,17.33,9.67,93.81,287
568220,Lobotomy Corporation | Monster Management Simulation,36.87,4.02,93.65,1548
870780,Control Ultimate Edition,17.2,7.73,87.45,934
1238820,Battlefield 3,12.73,5.2,69.59,200
752590,A Plague Tale: Innocence,11.37,10.42,93.45,762
341800,Keep Talking and Nobody Explodes,3.62,1.95,97.56,1026
979690,The Ascent,7.73,3.87,74.18,177
237310,Elsword,6.82,0.62,73.95,278
251060,Wargame: Red Dragon,44.82,13.65,88.95,663
1237950,STAR WARS Battlefront II,24.12,11.42,87.2,2138
65980,Sid Meier's Civilization: Beyond Earth,25.47,12.25,59.96,588
1262350,SIGNALIS,6.55,7.02,96.79,311
1238860,Battlefield 4,23.15,8.53,85.82,2257
323470,DRAGON BALL XENOVERSE,30.98,20.23,89.76,145
1282100,REMNANT II,47.6,24.53,83.44,3366
243470,Watch_Dogs,15.48,7.77,77.69,535
1147560,Skul: The Hero Slayer,34.93,13.3,93.32,1018
1061910,Metal: Hellsinger,9.42,3.0,96.15,88
851850,DRAGON BALL Z: KAKAROT,32.73,15.43,93.15,964
19900,Far Cry 2,7.28,3.57,76.89,159
20570,"Warhammer 40,000: Dawn of War II Chaos Rising",19.67,7.67,91.16,86
459820,Crush Crush,47.88,12.57,89.43,986
942970,Unheard - Voices of Crime,7.3,4.33,96.27,79
2322560,Love Is All Around,8.7,4.92,93.77,185
4570,"Warhammer 40,000: Dawn of War - Anniversary Edition",6.92,2.45,95.02,202
1089090,ONE PIECE: PIRATE WARRIORS 4,22.3,8.45,91.64,368
235540,Warhammer: End Times - Vermintide,16.28,5.8,80.05,81
215080,WAKFU,64.17,4.15,75.38,276
378540,The Surge,9.1,4.75,75.34,96
206480,Dungeons & Dragons Online,11.68,0.9,71.22,280
1483870,Draw & Guess,6.52,4.4,83.93,888
701160,Kingdom Two Crowns,19.67,10.52,88.4,1771
704270,Generation Zero,22.57,6.25,71.6,1245
535930,Two Point Hospital,17.5,9.12,91.82,1132
373420,Divinity: Original Sin - Enhanced Edition,31.35,11.17,89.81,3099
224760,FEZ,4.23,1.57,92.73,62
17460,Mass Effect (2007),16.7,6.8,93.71,58
1343370,Old School RuneScape,37.95,1.38,88.28,1075
443110,Armored Warfare,30.47,5.1,66.15,268
495420,State of Decay 2: Juggernaut Edition,34.33,16.67,82.75,9934
544730,Catan Universe,15.48,1.75,48.68,1421
1241100,POLYGON: Multiplayer Shooter,2.68,0.7,74.98,432
1089980,The Henry Stickmin Collection,5.5,4.42,98.65,199
270150,RUNNING WITH RIFLES,8.57,3.7,88.04,188
933110,Age of Empires III: Definitive Edition,32.73,5.9,85.04,6556
622650,Bendy and the Ink Machine,7.22,0.83,88.77,97
583950,Artifact,44.52,21.53,46.86,110
4700,Total War: MEDIEVAL II – Definitive Edition,60.82,4.32,95.74,5540
364470,The Elder Scrolls: Legends,17.32,2.38,74.57,155
228200,Company of Heroes,38.15,9.05,94.46,1674
334230,Town of Salem,33.6,12.13,88.32,120
292730,Call of Duty: Infinite Warfare,35.57,10.43,59.38,243
3070070,TCG Card Shop Simulator,23.77,14.73,97.57,7082
657200,Hand Simulator,3.12,1.87,83.98,59
311340,METAL GEAR SOLID V: GROUND ZEROES,4.27,2.38,84.04,109
1562430,DREDGE,9.12,8.43,95.81,1826
232050,Eador. Masters of the Broken World,4.25,4.58,67.45,52
1178830,Bright Memory: Infinite,5.8,2.53,92.08,27
418240,Shadow Tactics: Blades of the Shogun,9.35,2.87,96.08,178
383150,Dead Island Definitive Edition,8.87,5.3,81.99,407
1621690,Core Keeper,49.48,13.7,92.95,7304
39140,FINAL FANTASY VII,21.75,11.3,92.85,643
3910,Sid Meier's Civilization III Complete,1.9,0.3,89.63,2119
350640,Sherlock Holmes: The Devil's Daughter,6.45,5.13,79.61,72
475150,Titan Quest Anniversary Edition,27.8,8.68,91.11,1853
1934680,Age of Mythology: Retold,18.97,12.72,90.14,5036
1282730,Loop Hero,23.47,14.57,93.07,451
1476970,Legends of IdleOn - Idle MMO,268.68,0.67,78.77,7946
601430,The Evil Within 2,18.42,12.15,92.24,189
298630,The Escapists,13.08,6.12,90.26,69
220440,DmC: Devil May Cry,10.32,6.7,93.17,129
1150690,OMORI,31.28,18.88,97.3,1120
297000,Heroes of Might & Magic III - HD Edition,32.08,6.53,79.24,2900
996470,eFootball  PES 2020,81.63,1.8,71.1,213
32470,STAR WARS Empire at War - Gold Pack,33.13,4.5,97.63,2935
108710,Alan Wake,7.97,4.78,90.51,290
1290000,PowerWash Simulator,29.2,15.38,96.89,2869
2231450,Pizza Tower,23.87,4.6,98.39,778
736220,Squad 44,23.08,9.55,75.39,840
32430,STAR WARS - The Force Unleashed Ultimate Sith Edition,7.45,3.58,75.18,107
599140,Graveyard Keeper,23.28,8.87,86.41,2262
753640,Outer Wilds,13.42,6.97,95.67,1987
447020,Farming Simulator 17,75.27,41.9,93.45,713
837470,Untitled Goose Game,2.82,2.28,95.83,277
245620,Tropico 5,19.68,8.87,78.51,208
1384160,GUILTY GEAR -STRIVE-,106.22,58.95,88.35,1632
899440,GOD EATER 3,20.48,19.5,79.61,182
805550,Assetto Corsa Competizione,27.35,8.53,92.42,4836
6020,STAR WARS Jedi Knight - Jedi Academy,26.42,2.8,96.03,115
4760,Rome: Total War - Collection,32.4,4.1,94.59,1223
253900,Knights and Merchants,5.63,4.45,84.68,133
445980,Wizard of Legend,11.82,4.15,90.91,156
529340,Victoria 3,114.35,52.32,67.6,8719
1475810,Ghostwire: Tokyo,10.32,5.15,82.26,216
1016920,Unrailed!,7.08,4.25,93.39,242
223850,3DMark,10.28,3.27,93.57,568
675010,MudRunner,18.13,5.53,90.97,774
1113000,Persona 4 Golden,49.08,42.6,97.06,1840
444640,Bloons TD Battles,12.38,2.32,90.72,239
209160,Call of Duty: Ghosts,7.5,4.47,64.09,131
474960,Quantum Break,7.23,5.47,85.68,113
302670,Call to Arms,10.75,2.2,79.52,353
301640,Zombie Army Trilogy,8.97,4.67,86.68,73
573100,Battlefleet Gothic: Armada 2,71.02,65.65,75.34,368
41000,Serious Sam HD: The First Encounter,5.92,4.52,93.53,68
1190000,Car Mechanic Simulator 2021,78.27,25.47,95.92,2515
337320,Paint the Town Red,20.0,6.75,95.86,442
410320,EARTH DEFENSE FORCE 4.1 The Shadow of New Despair,33.35,21.45,94.98,149
34870,Sniper: Ghost Warrior 2,5.05,2.63,75.47,149
257510,The Talos Principle,13.48,4.78,95.41,426
603850,Age of History II,26.88,20.32,89.74,1208
257350,Baldur's Gate II: Enhanced Edition,109.67,3.12,91.95,655
208580,STAR WARS Knights of the Old Republic II - The Sith Lords,22.07,9.55,93.64,480
843380,Super Animal Royale,7.5,1.73,93.74,560
1262580,Need for Speed Payback,11.78,12.63,85.69,661
252530,OMSI 2: Steam Edition,168.58,46.92,85.36,1717
1987080,Inside the Backrooms,6.82,5.48,82.4,630
230290,Universe Sandbox,7.9,3.97,96.36,508
239350,Spelunky,32.43,5.95,92.09,130
278080,DYNASTY WARRIORS 8: Xtreme Legends Complete Edition,19.48,7.3,84.13,332
3146520,WEBFISHING,12.22,5.1,98.29,2934
939960,Far Cry New Dawn,20.82,17.07,75.85,668
24780,SimCity 4 Deluxe Edition,6.47,2.3,81.78,541
392160,X4: Foundations,90.5,10.4,79.05,4059
673950,Farm Together,54.43,28.72,94.21,391
323850,Move or Die,3.63,1.98,89.67,56
17480,Command & Conquer: Red Alert 3,14.7,6.32,85.36,727
462780,Darksiders Warmastered Edition,8.72,4.03,87.79,210
460920,Steep,9.17,5.22,81.89,902
2096600,Crysis 2 Remastered,9.15,11.3,89.31,298
1094520,Sands of Salzaar,21.67,15.08,82.15,135
1388770,Cruelty Squad,7.27,5.38,96.95,135
475550,Beholder,5.23,3.2,91.61,156
552100,Brick Rigs,45.63,11.78,94.37,2396
226840,Age of Wonders III,14.42,1.88,80.42,340
590380,Into the Breach,15.28,9.37,94.65,322
20510,S.T.A.L.K.E.R.: Clear Sky,19.33,11.53,85.41,665
246900,Viscera Cleanup Detail,12.98,7.18,92.79,353
560130,Pillars of Eternity II: Deadfire,59.22,23.98,87.98,676
1129580,Medieval Dynasty,61.83,17.23,90.86,9145
374040,Portal Knights,19.02,12.07,83.38,351
1929610,Demonologist,10.03,5.43,86.37,756
7760,X-COM: UFO Defense,3.5,0.73,94.73,62
1296830,暖雪 Warm Snow,33.87,26.53,93.04,537
6910,Deus Ex: Game of the Year Edition,5.15,1.45,94.89,87
265550,Dead Rising 3 Apocalypse Edition,12.03,7.97,76.38,147
1147550,Not For Broadcast,1.63,1.87,94.07,82
747660,Five Nights at Freddy's: Security Breach,13.83,9.35,86.49,567
823500,BONEWORKS,15.75,7.65,92.25,111
261030,The Walking Dead: Season Two,9.6,9.1,96.44,168
6900,Hitman: Codename 47,2.48,0.52,72.58,64
249130,LEGO Marvel Super Heroes,34.78,24.1,95.24,733
544750,SOULCALIBUR VI,14.67,2.58,82.16,194
1017180,The Long Drive,9.57,5.6,90.63,2198
242640,Styx: Master of Shadows,7.37,4.77,82.96,87
920210,LEGO Star Wars: The Skywalker Saga,28.95,12.17,90.91,1332
1301720,Escape Room - Der kranke Kollege,1.32,1.12,82.3,136
1846380,Need for Speed Unbound,18.78,10.47,60.32,4281
383080,Sakura Clicker,139.58,1.48,83.47,81
640590,The LEGO NINJAGO Movie Video Game,50.25,0.92,85.88,141
262280,Dungeons 2,5.97,4.18,81.76,51
40970,Stronghold Crusader HD,12.63,2.68,97.63,1863
4580,"Warhammer 40,000: Dawn of War - Dark Crusade",16.13,5.55,96.55,483
699130,World War Z,17.12,10.95,83.37,2407
9450,"Warhammer 40,000: Dawn of War - Soulstorm",50.92,24.05,95.36,1274
